configuration,column,precision,recall,f1,accuracy,TP,FP,FN,TN
default,processed_intent,0.9986420950533462,0.9609856262833676,0.9794520547945206,0.959731543624161,5148,7,209,0
default,processed_class,0.0442976491159899,0.5123595505617977,0.08154506437768241,0.042505592841163314,228,4919,217,0
default,processed_attributes,0.12580456407255705,0.09442248572683355,0.10787757150025086,0.057014054627419784,215,1494,2062,1593
default,processed_filter_attributes,0.07947019867549669,0.00494641384995878,0.009313154831199068,0.004678362573099415,12,139,2414,2799
treatment_mode,processed_intent,0.993200747917729,0.9903389830508474,0.9917678010693372,0.9836700336700337,5843,40,57,0
treatment_mode,processed_class,0.757135352827876,0.9497034922029431,0.8425565081839439,0.7279461279461279,4324,1387,229,0
treatment_mode,processed_attributes,0.3616093068347067,0.604783137413863,0.45260124374336413,0.29249166830033324,1492,2634,975,839
treatment_mode,processed_filter_attributes,0.26521739130434785,0.02288072018004501,0.04212707182320442,0.021516754850088183,61,169,2605,3105
