configuration,precision,recall,f1,accuracy,TP,FP,FN,TN
default,0.460697253741161,0.5333650642551166,0.4943750827193718,0.32835208626347867,5603,6559,4902,4392
treatment_mode,0.7347962382445141,0.751956884383421,0.7432775240994418,0.5914412595882116,11720,4230,3866,3944
