configuration,precision,recall,f1,accuracy,TP,FP,FN,TN
default,0.6116777621694253,0.6087035798942442,0.6101870468531042,0.4390425671824997,10015,6358,6438,5701
treatment_mode,0.765036212868689,0.7552067143301212,0.7600896860986546,0.6130198915009042,14577,4477,4725,4733
