column,precision_improvement_pct,recall_improvement_pct,f1_improvement_pct,accuracy_improvement_pct
processed_intent,-0.5448746014783704,3.05450528755613,1.257411857428825,2.4942902215629568
processed_class,1609.1998513180165,85.35879562732883,933.2403495097838,1612.589048378522
processed_attributes,187.43735133977384,540.5075366936587,319.55082733977906,413.0167819351426
processed_filter_attributes,233.731884057971,362.5718929732433,352.33943370165747,359.9206349206349
